unit_index,stage_name,output_file_count,output_filesize_byte,input_nanosecond,output_frame_count
unit.000298,generate_MD_stage,5,2095090,10,200
unit.000053,generate_MD_stage,4,8926400,100,2000
unit.000494,generate_MD_stage,4,2073788,10,200
unit.000386,generate_MD_stage,4,2073793,10,200
unit.000223,generate_MD_stage,5,2095059,10,200
unit.000569,generate_MD_stage,4,2073787,10,200
unit.000421,generate_MD_stage,4,2073782,10,200
unit.000523,generate_MD_stage,4,2073773,10,200
unit.000231,generate_MD_stage,4,2073785,10,200
unit.000724,generate_MD_stage,4,2073794,10,200
unit.000508,generate_MD_stage,4,2073788,10,200
unit.000294,generate_MD_stage,4,2073800,10,200
unit.000273,generate_MD_stage,4,2073790,10,200
unit.000186,generate_MD_stage,5,2608118,10,200
unit.000304,generate_MD_stage,4,2073791,10,200
unit.000589,generate_MD_stage,4,2073804,10,200
unit.000482,generate_MD_stage,4,2073796,10,200
unit.000641,generate_MD_stage,4,2073758,10,200
unit.000347,generate_MD_stage,4,2073782,10,200
unit.000285,generate_MD_stage,4,2073795,10,200
unit.000247,generate_MD_stage,4,2073775,10,200
unit.000488,generate_interfacing_stage,0,0,0,200
unit.000284,generate_MD_stage,4,2073795,10,200
unit.000436,generate_MD_stage,4,2073793,10,200
unit.000042,generate_MD_stage,4,8926375,100,2000
unit.000614,generate_MD_stage,4,2073772,10,200
unit.000375,generate_MD_stage,4,2073789,10,200
unit.000062,generate_MD_stage,4,8926391,100,2000
unit.000612,generate_MD_stage,4,2073780,10,200
unit.000424,generate_MD_stage,4,2073790,10,200
unit.000593,generate_MD_stage,4,2073801,10,200
unit.000087,generate_MD_stage,4,8926414,100,2000
unit.000511,generate_MD_stage,4,2073787,10,200
unit.000555,generate_MD_stage,4,2073660,10,200
unit.000037,generate_MD_stage,4,8926400,100,2000
unit.000534,generate_MD_stage,4,2073791,10,200
unit.000074,generate_MD_stage,4,8926413,100,2000
unit.000668,generate_MD_stage,4,2073793,10,200
unit.000556,generate_MD_stage,4,2073790,10,200
unit.000605,generate_MD_stage,4,2073780,10,200
unit.000188,generate_MD_stage,5,2095108,10,200
unit.000057,generate_MD_stage,4,8926384,100,2000
unit.000025,generate_MD_stage,4,8926392,100,2000
unit.000123,generate_ML_stage,0,0,0,2000
unit.000691,generate_MD_stage,4,2073795,10,200
unit.000069,generate_MD_stage,4,8926357,100,2000
unit.000020,generate_MD_stage,4,8926386,100,2000
unit.000096,generate_MD_stage,4,8926123,100,2000
unit.000659,generate_MD_stage,4,2073783,10,200
unit.000677,generate_MD_stage,4,2073788,10,200
unit.000499,generate_MD_stage,4,2073790,10,200
unit.000524,generate_MD_stage,4,2073772,10,200
unit.000658,generate_MD_stage,4,2073803,10,200
unit.000200,generate_MD_stage,4,2073796,10,200
unit.000548,generate_MD_stage,4,2073800,10,200
unit.000327,generate_MD_stage,4,2073785,10,200
unit.000649,generate_MD_stage,4,2073794,10,200
unit.000344,generate_MD_stage,4,2073779,10,200
unit.000134,generate_MD_stage,4,2073806,10,200
unit.000633,generate_MD_stage,4,2073771,10,200
unit.000159,generate_MD_stage,4,2073794,10,200
unit.000501,generate_MD_stage,4,2073601,10,200
unit.000225,generate_MD_stage,4,2073807,10,200
unit.000177,generate_MD_stage,5,2608127,10,200
unit.000063,generate_MD_stage,4,8926378,100,2000
unit.000321,generate_MD_stage,4,2073795,10,200
unit.000512,generate_MD_stage,4,2073795,10,200
unit.000469,generate_MD_stage,4,2073793,10,200
unit.000262,generate_MD_stage,4,2073778,10,200
unit.000189,generate_MD_stage,4,2073790,10,200
unit.000171,generate_MD_stage,4,2073790,10,200
unit.000697,generate_MD_stage,4,2073792,10,200
unit.000626,generate_MD_stage,4,2073786,10,200
unit.000190,generate_MD_stage,5,2608122,10,200
unit.000395,generate_MD_stage,4,2073790,10,200
unit.000251,generate_MD_stage,4,2073795,10,200
unit.000191,generate_MD_stage,5,2095089,10,200
unit.000536,generate_MD_stage,4,2073798,10,200
unit.000099,generate_MD_stage,4,8926387,100,2000
unit.000091,generate_MD_stage,4,8926421,100,2000
unit.000685,generate_MD_stage,4,2073795,10,200
unit.000178,generate_MD_stage,5,2095089,10,200
unit.000250,generate_MD_stage,4,2073792,10,200
unit.000239,generate_MD_stage,4,2073791,10,200
unit.000577,generate_MD_stage,4,2073802,10,200
unit.000473,generate_MD_stage,4,2073783,10,200
unit.000525,generate_MD_stage,4,2073791,10,200
unit.000335,generate_MD_stage,4,2073777,10,200
unit.000694,generate_MD_stage,4,2073776,10,200
unit.000211,generate_MD_stage,5,2095114,10,200
unit.000166,generate_MD_stage,5,2095092,10,200
unit.000363,generate_MD_stage,4,2073792,10,200
unit.000493,generate_MD_stage,4,2073811,10,200
unit.000445,generate_MD_stage,4,2073780,10,200
unit.000005,generate_MD_stage,4,8926419,100,2000
unit.000128,generate_MD_stage,4,2073808,10,200
unit.000422,generate_MD_stage,4,2073807,10,200
unit.000420,generate_MD_stage,4,2073798,10,200
unit.000634,generate_MD_stage,4,2073787,10,200
unit.000210,generate_MD_stage,5,2608097,10,200
unit.000462,generate_MD_stage,4,2073783,10,200
unit.000490,generate_MD_stage,4,2073769,10,200
unit.000719,generate_MD_stage,4,2073789,10,200
unit.000533,generate_MD_stage,4,2073789,10,200
unit.000468,generate_MD_stage,4,2073784,10,200
unit.000582,generate_MD_stage,4,2073798,10,200
unit.000022,generate_MD_stage,4,8926362,100,2000
unit.000153,generate_MD_stage,4,2073770,10,200
unit.000568,generate_MD_stage,4,2073795,10,200
unit.000576,generate_MD_stage,4,2073782,10,200
unit.000364,generate_MD_stage,4,2073795,10,200
unit.000006,generate_MD_stage,4,8926432,100,2000
unit.000595,generate_MD_stage,4,2073789,10,200
unit.000624,generate_MD_stage,4,2073781,10,200
unit.000034,generate_MD_stage,4,8926383,100,2000
unit.000495,generate_MD_stage,4,2073774,10,200
unit.000283,generate_MD_stage,4,2073764,10,200
unit.000427,generate_MD_stage,4,2073795,10,200
unit.000295,generate_MD_stage,4,2073790,10,200
unit.000083,generate_MD_stage,4,8926405,100,2000
unit.000305,generate_MD_stage,5,2608124,10,200
unit.000361,generate_MD_stage,4,2073783,10,200
unit.000238,generate_MD_stage,4,2073785,10,200
unit.000129,generate_MD_stage,4,2073784,10,200
unit.000201,generate_MD_stage,4,2073786,10,200
unit.000078,generate_MD_stage,4,8926414,100,2000
unit.000147,generate_MD_stage,5,2095097,10,200
unit.000392,generate_MD_stage,4,2073781,10,200
unit.000461,generate_MD_stage,4,2073783,10,200
unit.000315,generate_MD_stage,4,2073786,10,200
unit.000228,generate_MD_stage,4,2073776,10,200
unit.000028,generate_MD_stage,4,8926406,100,2000
unit.000314,generate_MD_stage,4,2073797,10,200
unit.000320,generate_MD_stage,4,2073781,10,200
unit.000366,generate_MD_stage,4,2073788,10,200
unit.000704,generate_MD_stage,4,2073788,10,200
unit.000056,generate_MD_stage,4,8926414,100,2000
unit.000722,generate_MD_stage,4,2073788,10,200
unit.000253,generate_MD_stage,4,2073783,10,200
unit.000296,generate_MD_stage,4,2073784,10,200
unit.000048,generate_MD_stage,4,8926276,100,2000
unit.000122,generate_ML_stage,0,0,0,2000
unit.000185,generate_MD_stage,4,2073790,10,200
unit.000565,generate_MD_stage,4,2073773,10,200
unit.000695,generate_MD_stage,4,2073786,10,200
unit.000600,generate_MD_stage,4,2073786,10,200
unit.000226,generate_MD_stage,4,2073800,10,200
unit.000433,generate_MD_stage,5,2608119,10,200
unit.000703,generate_MD_stage,4,2073784,10,200
unit.000085,generate_MD_stage,4,8926308,100,2000
unit.000174,generate_MD_stage,4,2073796,10,200
unit.000023,generate_MD_stage,4,8926407,100,2000
unit.000031,generate_MD_stage,4,8926300,100,2000
unit.000547,generate_MD_stage,4,2073779,10,200
unit.000544,generate_MD_stage,4,2073783,10,200
unit.000435,generate_MD_stage,5,2608111,10,200
unit.000084,generate_MD_stage,4,8926367,100,2000
unit.000236,generate_MD_stage,5,2095090,10,200
unit.000157,generate_MD_stage,4,2073737,10,200
unit.000684,generate_MD_stage,4,2073793,10,200
unit.000075,generate_MD_stage,4,8926454,100,2000
unit.000669,generate_MD_stage,4,2073781,10,200
unit.000716,generate_MD_stage,4,2073779,10,200
unit.000552,generate_MD_stage,4,2073789,10,200
unit.000487,generate_MD_stage,4,2073772,10,200
unit.000264,generate_MD_stage,4,2073786,10,200
unit.000243,generate_MD_stage,4,2073797,10,200
unit.000286,generate_MD_stage,4,2073796,10,200
unit.000382,generate_MD_stage,5,2608103,10,200
unit.000509,generate_MD_stage,4,2073784,10,200
unit.000597,generate_MD_stage,4,2073805,10,200
unit.000355,generate_MD_stage,4,2073735,10,200
unit.000341,generate_MD_stage,4,2073796,10,200
unit.000151,generate_MD_stage,4,2073797,10,200
unit.000272,generate_MD_stage,4,2073788,10,200
unit.000116,generate_MD_stage,4,8926417,100,2000
unit.000354,generate_MD_stage,4,2073778,10,200
unit.000138,generate_MD_stage,4,2073654,10,200
unit.000711,generate_MD_stage,4,2073792,10,200
unit.000629,generate_MD_stage,4,2073799,10,200
unit.000646,generate_MD_stage,4,2073799,10,200
unit.000598,generate_MD_stage,4,2073796,10,200
unit.000374,generate_MD_stage,4,2073794,10,200
unit.000356,generate_MD_stage,4,2073800,10,200
unit.000232,generate_MD_stage,4,2073802,10,200
unit.000725,generate_MD_stage,4,2073789,10,200
unit.000453,generate_MD_stage,4,2073811,10,200
unit.000144,generate_MD_stage,4,2073786,10,200
unit.000496,generate_MD_stage,4,2073787,10,200
unit.000345,generate_MD_stage,4,2073783,10,200
unit.000643,generate_MD_stage,4,2073798,10,200
unit.000070,generate_MD_stage,4,8926429,100,2000
unit.000145,generate_MD_stage,5,2095096,10,200
unit.000586,generate_MD_stage,4,2073787,10,200
unit.000101,generate_MD_stage,4,8926378,100,2000
unit.000727,generate_MD_stage,4,2073791,10,200
unit.000619,generate_MD_stage,4,2073792,10,200
unit.000026,generate_MD_stage,4,8926370,100,2000
unit.000333,generate_MD_stage,5,2095106,10,200
unit.000442,generate_MD_stage,4,2073791,10,200
unit.000440,generate_MD_stage,4,2073795,10,200
unit.000249,generate_MD_stage,4,2073783,10,200
unit.000447,generate_MD_stage,4,2073795,10,200
unit.000513,generate_MD_stage,4,2073803,10,200
unit.000504,generate_MD_stage,4,2073780,10,200
unit.000562,generate_MD_stage,4,2073791,10,200
unit.000376,generate_MD_stage,4,2073787,10,200
unit.000172,generate_MD_stage,4,2073788,10,200
unit.000003,generate_MD_stage,4,8926387,100,2000
unit.000613,generate_MD_stage,4,2073779,10,200
unit.000373,generate_MD_stage,4,2073795,10,200
unit.000359,generate_MD_stage,4,2073787,10,200
unit.000409,generate_MD_stage,4,2073782,10,200
unit.000599,generate_MD_stage,4,2073787,10,200
unit.000209,generate_MD_stage,5,2095093,10,200
unit.000326,generate_MD_stage,4,2073778,10,200
unit.000334,generate_MD_stage,4,2073804,10,200
unit.000506,generate_MD_stage,4,2073786,10,200
unit.000720,generate_MD_stage,4,2073767,10,200
unit.000038,generate_MD_stage,4,8926380,100,2000
unit.000663,generate_MD_stage,4,2073793,10,200
unit.000644,generate_MD_stage,4,2073786,10,200
unit.000590,generate_MD_stage,4,2073773,10,200
unit.000076,generate_MD_stage,4,8926403,100,2000
unit.000549,generate_MD_stage,4,2073802,10,200
unit.000606,generate_MD_stage,4,2073795,10,200
unit.000371,generate_MD_stage,4,2073793,10,200
unit.000274,generate_MD_stage,4,2073793,10,200
unit.000100,generate_MD_stage,4,8926433,100,2000
unit.000574,generate_MD_stage,4,2073786,10,200
unit.000603,generate_MD_stage,4,2073813,10,200
unit.000307,generate_MD_stage,4,2073782,10,200
unit.000221,generate_MD_stage,5,2608132,10,200
unit.000265,generate_MD_stage,4,2073722,10,200
unit.000557,generate_MD_stage,4,2073797,10,200
unit.000248,generate_MD_stage,4,2073793,10,200
unit.000163,generate_MD_stage,5,2608119,10,200
unit.000293,generate_MD_stage,4,2073797,10,200
unit.000621,generate_MD_stage,4,2073789,10,200
unit.000340,generate_MD_stage,4,2073788,10,200
unit.000402,generate_MD_stage,4,2073785,10,200
unit.000610,generate_MD_stage,4,2073785,10,200
unit.000196,generate_MD_stage,5,2608125,10,200
unit.000637,generate_MD_stage,4,2073790,10,200
unit.000413,generate_MD_stage,4,2073797,10,200
unit.000302,generate_MD_stage,4,2073798,10,200
unit.000229,generate_MD_stage,5,2095093,10,200
unit.000387,generate_MD_stage,4,2073797,10,200
unit.000246,generate_interfacing_stage,0,0,0,200
unit.000408,generate_MD_stage,4,2073795,10,200
unit.000107,generate_MD_stage,4,8926388,100,2000
unit.000064,generate_MD_stage,4,8926359,100,2000
unit.000179,generate_MD_stage,4,2073767,10,200
unit.000046,generate_MD_stage,4,8926347,100,2000
unit.000664,generate_MD_stage,5,2608132,10,200
unit.000208,generate_MD_stage,4,2073782,10,200
unit.000055,generate_MD_stage,4,8926411,100,2000
unit.000532,generate_MD_stage,4,2073790,10,200
unit.000692,generate_MD_stage,4,2073792,10,200
unit.000266,generate_MD_stage,4,2073789,10,200
unit.000414,generate_MD_stage,4,2073793,10,200
unit.000019,generate_MD_stage,4,8926391,100,2000
unit.000017,generate_MD_stage,4,8926386,100,2000
unit.000039,generate_MD_stage,4,8926396,100,2000
unit.000671,generate_MD_stage,4,2073786,10,200
unit.000049,generate_MD_stage,4,8926384,100,2000
unit.000682,generate_MD_stage,4,2073800,10,200
unit.000377,generate_MD_stage,4,2073778,10,200
unit.000030,generate_MD_stage,4,8925091,100,2000
unit.000578,generate_MD_stage,4,2073792,10,200
unit.000474,generate_MD_stage,4,2073786,10,200
unit.000401,generate_MD_stage,4,2073804,10,200
unit.000503,generate_MD_stage,4,2073796,10,200
unit.000184,generate_MD_stage,5,2095097,10,200
unit.000336,generate_MD_stage,4,2073785,10,200
unit.000639,generate_MD_stage,4,2073784,10,200
unit.000522,generate_MD_stage,4,2073803,10,200
unit.000000,generate_MD_stage,4,8926357,100,2000
unit.000645,generate_MD_stage,4,2073786,10,200
unit.000608,generate_MD_stage,4,2073796,10,200
unit.000457,generate_MD_stage,4,2073790,10,200
unit.000479,generate_MD_stage,4,2073789,10,200
unit.000631,generate_MD_stage,4,2073794,10,200
unit.000125,generate_interfacing_stage,0,0,0,200
unit.000217,generate_MD_stage,5,2608118,10,200
unit.000714,generate_MD_stage,4,2073777,10,200
unit.000428,generate_MD_stage,4,2073797,10,200
unit.000300,generate_MD_stage,4,2073785,10,200
unit.000313,generate_MD_stage,5,2095097,10,200
unit.000036,generate_MD_stage,4,8926408,100,2000
unit.000299,generate_MD_stage,4,2073800,10,200
unit.000112,generate_MD_stage,4,8926402,100,2000
unit.000583,generate_MD_stage,4,2073788,10,200
unit.000450,generate_MD_stage,4,2073799,10,200
unit.000150,generate_MD_stage,4,2073792,10,200
unit.000425,generate_MD_stage,4,2073786,10,200
unit.000559,generate_MD_stage,4,2073782,10,200
unit.000573,generate_MD_stage,4,2073791,10,200
unit.000353,generate_MD_stage,4,2073799,10,200
unit.000012,generate_MD_stage,4,8926250,100,2000
unit.000463,generate_MD_stage,4,2073804,10,200
unit.000638,generate_MD_stage,4,2073801,10,200
unit.000516,generate_MD_stage,4,2073800,10,200
unit.000079,generate_MD_stage,4,8926376,100,2000
unit.000161,generate_MD_stage,5,2095068,10,200
unit.000092,generate_MD_stage,4,8926415,100,2000
unit.000362,generate_MD_stage,4,2073770,10,200
unit.000071,generate_MD_stage,4,8926395,100,2000
unit.000665,generate_MD_stage,4,2073794,10,200
unit.000700,generate_MD_stage,4,2073791,10,200
unit.000158,generate_MD_stage,5,2095103,10,200
unit.000054,generate_MD_stage,4,8926375,100,2000
unit.000483,generate_MD_stage,4,2073783,10,200
unit.000108,generate_MD_stage,4,8926201,100,2000
unit.000181,generate_MD_stage,4,2073772,10,200
unit.000202,generate_MD_stage,4,2073802,10,200
unit.000505,generate_MD_stage,4,2073804,10,200
unit.000478,generate_MD_stage,4,2073787,10,200
unit.000081,generate_MD_stage,4,8926382,100,2000
unit.000351,generate_MD_stage,4,2073770,10,200
unit.000343,generate_MD_stage,4,2073778,10,200
unit.000369,generate_MD_stage,4,2073796,10,200
unit.000080,generate_MD_stage,4,8926428,100,2000
unit.000470,generate_MD_stage,4,2073808,10,200
unit.000290,generate_MD_stage,4,2073790,10,200
unit.000566,generate_MD_stage,4,2073773,10,200
unit.000696,generate_MD_stage,4,2073785,10,200
unit.000673,generate_MD_stage,4,2073792,10,200
unit.000650,generate_MD_stage,4,2073783,10,200
unit.000585,generate_MD_stage,4,2073801,10,200
unit.000434,generate_MD_stage,4,2073782,10,200
unit.000492,generate_MD_stage,4,2073785,10,200
unit.000527,generate_MD_stage,4,2073786,10,200
unit.000419,generate_MD_stage,4,2073802,10,200
unit.000230,generate_MD_stage,5,2095097,10,200
unit.000550,generate_MD_stage,4,2073797,10,200
unit.000485,generate_MD_stage,4,2073776,10,200
unit.000032,generate_MD_stage,4,8926398,100,2000
unit.000130,generate_MD_stage,4,2073789,10,200
unit.000139,generate_MD_stage,4,2073757,10,200
unit.000660,generate_MD_stage,4,2073790,10,200
unit.000131,generate_MD_stage,5,2608138,10,200
unit.000043,generate_MD_stage,4,8926387,100,2000
unit.000301,generate_MD_stage,4,2073798,10,200
unit.000484,generate_MD_stage,4,2073803,10,200
unit.000086,generate_MD_stage,4,8926155,100,2000
unit.000256,generate_MD_stage,4,2073803,10,200
unit.000182,generate_MD_stage,5,2095095,10,200
unit.000449,generate_MD_stage,4,2073786,10,200
unit.000397,generate_MD_stage,5,2608121,10,200
unit.000407,generate_MD_stage,4,2073786,10,200
unit.000686,generate_MD_stage,4,2073780,10,200
unit.000275,generate_MD_stage,4,2073797,10,200
unit.000059,generate_MD_stage,4,8926405,100,2000
unit.000517,generate_MD_stage,4,2073794,10,200
unit.000584,generate_MD_stage,4,2073795,10,200
unit.000218,generate_MD_stage,5,2095091,10,200
unit.000390,generate_MD_stage,4,2073795,10,200
unit.000224,generate_MD_stage,5,2095091,10,200
unit.000317,generate_MD_stage,4,2073787,10,200
unit.000170,generate_MD_stage,5,2095101,10,200
unit.000058,generate_MD_stage,4,8926363,100,2000
unit.000281,generate_MD_stage,4,2073797,10,200
unit.000571,generate_MD_stage,4,2073785,10,200
unit.000015,generate_MD_stage,4,8926400,100,2000
unit.000538,generate_MD_stage,4,2073792,10,200
unit.000398,generate_MD_stage,4,2073780,10,200
unit.000381,generate_MD_stage,4,2073790,10,200
unit.000338,generate_MD_stage,4,2073798,10,200
unit.000662,generate_MD_stage,4,2073785,10,200
unit.000329,generate_MD_stage,4,2073782,10,200
unit.000491,generate_MD_stage,4,2073732,10,200
unit.000674,generate_MD_stage,4,2073781,10,200
unit.000346,generate_MD_stage,4,2073775,10,200
unit.000008,generate_MD_stage,4,8926417,100,2000
unit.000164,generate_MD_stage,5,2095097,10,200
unit.000233,generate_MD_stage,4,2073788,10,200
unit.000146,generate_MD_stage,4,2073788,10,200
unit.000276,generate_MD_stage,4,2073780,10,200
unit.000706,generate_MD_stage,4,2073797,10,200
unit.000328,generate_MD_stage,4,2073780,10,200
unit.000545,generate_MD_stage,4,2073800,10,200
unit.000187,generate_MD_stage,5,2095099,10,200
unit.000065,generate_MD_stage,4,8926332,100,2000
unit.000542,generate_MD_stage,4,2073798,10,200
unit.000117,generate_MD_stage,4,8926379,100,2000
unit.000441,generate_MD_stage,5,2095091,10,200
unit.000322,generate_MD_stage,4,2073796,10,200
unit.000456,generate_MD_stage,4,2073787,10,200
unit.000410,generate_MD_stage,4,2073788,10,200
unit.000448,generate_MD_stage,4,2073799,10,200
unit.000215,generate_MD_stage,5,2608112,10,200
unit.000244,generate_MD_stage,5,2095103,10,200
unit.000432,generate_MD_stage,4,2073799,10,200
unit.000430,generate_MD_stage,4,2073797,10,200
unit.000350,generate_MD_stage,5,2608123,10,200
unit.000553,generate_MD_stage,5,2608125,10,200
unit.000712,generate_MD_stage,4,2073789,10,200
unit.000475,generate_MD_stage,4,2073802,10,200
unit.000652,generate_MD_stage,4,2073786,10,200
unit.000587,generate_MD_stage,5,2095082,10,200
unit.000118,generate_MD_stage,4,8926379,100,2000
unit.000551,generate_MD_stage,4,2073798,10,200
unit.000404,generate_MD_stage,4,2073781,10,200
unit.000721,generate_MD_stage,4,2073779,10,200
unit.000103,generate_MD_stage,4,8926386,100,2000
unit.000609,generate_interfacing_stage,0,0,0,2000
unit.000141,generate_MD_stage,4,2073801,10,200
unit.000526,generate_MD_stage,4,2073779,10,200
unit.000212,generate_MD_stage,5,2608117,10,200
unit.000372,generate_MD_stage,4,2073808,10,200
unit.000124,generate_ML_stage,0,0,0,200
unit.000476,generate_MD_stage,4,2073777,10,200
unit.000077,generate_MD_stage,4,8926344,100,2000
unit.000615,generate_MD_stage,4,2073798,10,200
unit.000391,generate_MD_stage,4,2073790,10,200
unit.000280,generate_MD_stage,4,2073793,10,200
unit.000591,generate_MD_stage,4,2073780,10,200
unit.000308,generate_MD_stage,4,2073793,10,200
unit.000357,generate_MD_stage,4,2073777,10,200
unit.000235,generate_MD_stage,4,2073800,10,200
unit.000257,generate_MD_stage,4,2073774,10,200
unit.000431,generate_MD_stage,4,2073787,10,200
unit.000699,generate_MD_stage,4,2073793,10,200
unit.000675,generate_MD_stage,5,2095088,10,200
unit.000459,generate_MD_stage,4,2073802,10,200
unit.000611,generate_MD_stage,4,2073791,10,200
unit.000630,generate_MD_stage,4,2073795,10,200
unit.000530,generate_MD_stage,4,2073793,10,200
unit.000330,generate_MD_stage,5,2095100,10,200
unit.000137,generate_MD_stage,4,2073787,10,200
unit.000380,generate_MD_stage,4,2073591,10,200
unit.000111,generate_MD_stage,4,8926374,100,2000
unit.000175,generate_MD_stage,4,2073779,10,200
unit.000579,generate_MD_stage,4,2073790,10,200
unit.000066,generate_MD_stage,4,8925349,100,2000
unit.000446,generate_MD_stage,5,2095082,10,200
unit.000289,generate_MD_stage,4,2073804,10,200
unit.000001,generate_MD_stage,4,8926405,100,2000
unit.000180,generate_MD_stage,5,2095093,10,200
unit.000018,generate_MD_stage,4,8926416,100,2000
unit.000564,generate_MD_stage,4,2073791,10,200
unit.000570,generate_MD_stage,4,2073791,10,200
unit.000316,generate_MD_stage,4,2073799,10,200
unit.000627,generate_MD_stage,4,2073789,10,200
unit.000423,generate_MD_stage,4,2073789,10,200
unit.000291,generate_MD_stage,4,2073785,10,200
unit.000683,generate_MD_stage,4,2073743,10,200
unit.000378,generate_MD_stage,4,2073801,10,200
unit.000051,generate_MD_stage,4,8926405,100,2000
unit.000705,generate_MD_stage,4,2073795,10,200
unit.000537,generate_MD_stage,4,2073797,10,200
unit.000713,generate_MD_stage,4,2073800,10,200
unit.000143,generate_MD_stage,5,2095095,10,200
unit.000050,generate_MD_stage,4,8926446,100,2000
unit.000279,generate_MD_stage,4,2073781,10,200
unit.000104,generate_MD_stage,4,8926333,100,2000
unit.000601,generate_MD_stage,4,2073780,10,200
unit.000009,generate_MD_stage,4,8926424,100,2000
unit.000007,generate_MD_stage,4,8926335,100,2000
unit.000715,generate_MD_stage,4,2073790,10,200
unit.000480,generate_MD_stage,5,2095095,10,200
unit.000617,generate_MD_stage,4,2073790,10,200
unit.000024,generate_MD_stage,4,8926410,100,2000
unit.000707,generate_MD_stage,4,2073808,10,200
unit.000060,generate_MD_stage,4,8926392,100,2000
unit.000417,generate_MD_stage,4,2073675,10,200
unit.000690,generate_MD_stage,4,2073791,10,200
unit.000348,generate_MD_stage,4,2073796,10,200
unit.000240,generate_MD_stage,5,2095094,10,200
unit.000367,generate_interfacing_stage,0,0,0,200
unit.000267,generate_MD_stage,4,2073773,10,200
unit.000672,generate_MD_stage,4,2073707,10,200
unit.000067,generate_MD_stage,4,8926411,100,2000
unit.000152,generate_MD_stage,4,2073782,10,200
unit.000193,generate_MD_stage,5,2608141,10,200
unit.000339,generate_MD_stage,5,2608119,10,200
unit.000109,generate_MD_stage,4,8926379,100,2000
unit.000464,generate_MD_stage,5,2095101,10,200
unit.000106,generate_MD_stage,4,8926386,100,2000
unit.000207,generate_MD_stage,5,2095074,10,200
unit.000331,generate_MD_stage,4,2073787,10,200
unit.000455,generate_MD_stage,4,2073802,10,200
unit.000632,generate_MD_stage,4,2073775,10,200
unit.000162,generate_MD_stage,5,2608116,10,200
unit.000426,generate_MD_stage,5,2608124,10,200
unit.000666,generate_MD_stage,4,2073792,10,200
unit.000255,generate_MD_stage,4,2073800,10,200
unit.000454,generate_MD_stage,4,2073758,10,200
unit.000323,generate_MD_stage,4,2073790,10,200
unit.000636,generate_MD_stage,4,2073786,10,200
unit.000278,generate_MD_stage,4,2073796,10,200
unit.000254,generate_MD_stage,4,2073801,10,200
unit.000729,generate_MD_stage,4,2073794,10,200
unit.000169,generate_MD_stage,4,2073734,10,200
unit.000437,generate_MD_stage,4,2073801,10,200
unit.000680,generate_MD_stage,4,2073782,10,200
unit.000592,generate_MD_stage,4,2073776,10,200
unit.000135,generate_MD_stage,4,2073799,10,200
unit.000625,generate_MD_stage,4,2073786,10,200
unit.000728,generate_MD_stage,4,2073793,10,200
unit.000260,generate_MD_stage,4,2073793,10,200
unit.000730,generate_interfacing_stage,0,0,0,200
unit.000245,generate_MD_stage,5,2608125,10,200
unit.000016,generate_MD_stage,4,8926357,100,2000
unit.000622,generate_MD_stage,4,2073593,10,200
unit.000620,generate_MD_stage,4,2073789,10,200
unit.000651,generate_MD_stage,4,2073786,10,200
unit.000013,generate_MD_stage,4,8926436,100,2000
unit.000563,generate_MD_stage,4,2073814,10,200
unit.000655,generate_MD_stage,4,2073792,10,200
unit.000520,generate_MD_stage,4,2073805,10,200
unit.000227,generate_MD_stage,5,2095101,10,200
unit.000405,generate_MD_stage,4,2073802,10,200
unit.000539,generate_MD_stage,4,2073800,10,200
unit.000044,generate_MD_stage,4,8926412,100,2000
unit.000052,generate_MD_stage,4,8926383,100,2000
unit.000140,generate_MD_stage,4,2073792,10,200
unit.000360,generate_MD_stage,4,2073795,10,200
unit.000618,generate_MD_stage,4,2073813,10,200
unit.000014,generate_MD_stage,4,8926424,100,2000
unit.000486,generate_MD_stage,4,2073805,10,200
unit.000521,generate_MD_stage,4,2073796,10,200
unit.000656,generate_MD_stage,4,2073784,10,200
unit.000415,generate_MD_stage,4,2073785,10,200
unit.000072,generate_MD_stage,4,8926004,100,2000
unit.000518,generate_MD_stage,4,2073790,10,200
unit.000342,generate_MD_stage,4,2073784,10,200
unit.000287,generate_MD_stage,4,2073790,10,200
unit.000216,generate_MD_stage,4,2073785,10,200
unit.000097,generate_MD_stage,4,8926239,100,2000
unit.000318,generate_MD_stage,4,2073799,10,200
unit.000309,generate_MD_stage,4,2073773,10,200
unit.000717,generate_MD_stage,4,2073803,10,200
unit.000021,generate_MD_stage,4,8926400,100,2000
unit.000156,generate_MD_stage,5,2608128,10,200
unit.000222,generate_MD_stage,4,2073797,10,200
unit.000115,generate_MD_stage,4,8925849,100,2000
unit.000558,generate_MD_stage,4,2073775,10,200
unit.000098,generate_MD_stage,4,8926120,100,2000
unit.000452,generate_MD_stage,4,2073781,10,200
unit.000094,generate_MD_stage,4,8926354,100,2000
unit.000259,generate_MD_stage,4,2073793,10,200
unit.000546,generate_MD_stage,4,2073784,10,200
unit.000277,generate_MD_stage,4,2073793,10,200
unit.000389,generate_MD_stage,5,2095099,10,200
unit.000507,generate_MD_stage,4,2073798,10,200
unit.000460,generate_MD_stage,4,2073784,10,200
unit.000383,generate_MD_stage,4,2073790,10,200
unit.000110,generate_MD_stage,4,8926415,100,2000
unit.000388,generate_MD_stage,4,2073785,10,200
unit.000119,generate_MD_stage,4,8926332,100,2000
unit.000640,generate_MD_stage,4,2073760,10,200
unit.000029,generate_MD_stage,4,8926411,100,2000
unit.000027,generate_MD_stage,4,8926371,100,2000
unit.000411,generate_MD_stage,4,2073598,10,200
unit.000540,generate_MD_stage,4,2073789,10,200
unit.000693,generate_MD_stage,4,2073779,10,200
unit.000121,generate_ML_stage,0,0,0,200
unit.000678,generate_MD_stage,4,2073707,10,200
unit.000429,generate_MD_stage,4,2073777,10,200
unit.000132,generate_MD_stage,4,2073781,10,200
unit.000242,generate_MD_stage,5,2095094,10,200
unit.000379,generate_MD_stage,4,2073800,10,200
unit.000198,generate_MD_stage,5,2095104,10,200
unit.000653,generate_MD_stage,4,2073784,10,200
unit.000204,generate_MD_stage,4,2073716,10,200
unit.000155,generate_MD_stage,4,2073796,10,200
unit.000596,generate_MD_stage,4,2073782,10,200
unit.000580,generate_MD_stage,4,2073786,10,200
unit.000311,generate_MD_stage,4,2073781,10,200
unit.000160,generate_MD_stage,4,2073785,10,200
unit.000406,generate_MD_stage,4,2073795,10,200
unit.000105,generate_MD_stage,4,8926404,100,2000
unit.000489,generate_MD_stage,4,2073794,10,200
unit.000561,generate_MD_stage,4,2073781,10,200
unit.000306,generate_MD_stage,4,2073792,10,200
unit.000654,generate_MD_stage,4,2073802,10,200
unit.000458,generate_MD_stage,4,2073788,10,200
unit.000061,generate_MD_stage,4,8926369,100,2000
unit.000234,generate_MD_stage,4,2073783,10,200
unit.000073,generate_MD_stage,4,8926395,100,2000
unit.000126,generate_MD_stage,5,2095095,10,200
unit.000477,generate_MD_stage,4,2073795,10,200
unit.000219,generate_MD_stage,4,2073797,10,200
unit.000635,generate_MD_stage,4,2073803,10,200
unit.000349,generate_MD_stage,5,2608110,10,200
unit.000167,generate_MD_stage,4,2073797,10,200
unit.000708,generate_MD_stage,4,2073793,10,200
unit.000270,generate_MD_stage,4,2073786,10,200
unit.000657,generate_MD_stage,4,2073787,10,200
unit.000288,generate_MD_stage,4,2073777,10,200
unit.000676,generate_MD_stage,4,2073801,10,200
unit.000472,generate_MD_stage,4,2073780,10,200
unit.000399,generate_MD_stage,4,2073782,10,200
unit.000412,generate_MD_stage,4,2073790,10,200
unit.000465,generate_MD_stage,4,2073794,10,200
unit.000642,generate_MD_stage,4,2073797,10,200
unit.000148,generate_MD_stage,5,2608126,10,200
unit.000500,generate_MD_stage,4,2073777,10,200
unit.000199,generate_MD_stage,4,2073786,10,200
unit.000647,generate_MD_stage,4,2073791,10,200
unit.000089,generate_MD_stage,4,8926361,100,2000
unit.000312,generate_MD_stage,4,2073788,10,200
unit.000213,generate_MD_stage,4,2073799,10,200
unit.000168,generate_MD_stage,4,2073744,10,200
unit.000133,generate_MD_stage,4,2073782,10,200
unit.000176,generate_MD_stage,5,2095090,10,200
unit.000088,generate_MD_stage,4,8926404,100,2000
unit.000531,generate_MD_stage,4,2073755,10,200
unit.000002,generate_MD_stage,4,8926373,100,2000
unit.000701,generate_MD_stage,4,2073795,10,200
unit.000689,generate_MD_stage,4,2073797,10,200
unit.000370,generate_MD_stage,4,2073801,10,200
unit.000261,generate_MD_stage,4,2073796,10,200
unit.000541,generate_MD_stage,4,2073793,10,200
unit.000352,generate_MD_stage,4,2073791,10,200
unit.000688,generate_MD_stage,5,2095109,10,200
unit.000292,generate_MD_stage,4,2073803,10,200
unit.000203,generate_MD_stage,5,2095091,10,200
unit.000535,generate_MD_stage,4,2073791,10,200
unit.000337,generate_MD_stage,4,2073786,10,200
unit.000471,generate_MD_stage,4,2073798,10,200
unit.000325,generate_MD_stage,4,2073800,10,200
unit.000628,generate_MD_stage,4,2073795,10,200
unit.000237,generate_MD_stage,5,2608123,10,200
unit.000581,generate_MD_stage,4,2073801,10,200
unit.000679,generate_MD_stage,4,2073778,10,200
unit.000528,generate_MD_stage,4,2073795,10,200
unit.000439,generate_MD_stage,4,2073783,10,200
unit.000324,generate_MD_stage,4,2073789,10,200
unit.000481,generate_MD_stage,4,2073800,10,200
unit.000093,generate_MD_stage,4,8926373,100,2000
unit.000045,generate_MD_stage,4,8926349,100,2000
unit.000165,generate_MD_stage,5,2095098,10,200
unit.000418,generate_MD_stage,4,2073798,10,200
unit.000661,generate_MD_stage,4,2073775,10,200
unit.000102,generate_MD_stage,4,8926337,100,2000
unit.000368,generate_MD_stage,4,2073791,10,200
unit.000310,generate_MD_stage,4,2073787,10,200
unit.000602,generate_MD_stage,4,2073799,10,200
unit.000113,generate_MD_stage,4,8926399,100,2000
unit.000068,generate_MD_stage,4,8926356,100,2000
unit.000269,generate_MD_stage,4,2073794,10,200
unit.000723,generate_MD_stage,4,2073789,10,200
unit.000282,generate_MD_stage,4,2073797,10,200
unit.000194,generate_MD_stage,5,2095100,10,200
unit.000497,generate_MD_stage,4,2073790,10,200
unit.000214,generate_MD_stage,4,2073796,10,200
unit.000082,generate_MD_stage,4,8926422,100,2000
unit.000004,generate_MD_stage,4,8926379,100,2000
unit.000195,generate_MD_stage,4,2073779,10,200
unit.000567,generate_MD_stage,4,2073796,10,200
unit.000332,generate_MD_stage,4,2073787,10,200
unit.000575,generate_MD_stage,4,2073754,10,200
unit.000466,generate_MD_stage,5,2095088,10,200
unit.000114,generate_MD_stage,4,8926381,100,2000
unit.000607,generate_MD_stage,4,2073806,10,200
unit.000393,generate_MD_stage,4,2073799,10,200
unit.000252,generate_MD_stage,4,2073801,10,200
unit.000648,generate_MD_stage,4,2073791,10,200
unit.000560,generate_MD_stage,4,2073812,10,200
unit.000263,generate_MD_stage,4,2073801,10,200
unit.000033,generate_MD_stage,4,8926389,100,2000
unit.000529,generate_MD_stage,4,2073792,10,200
unit.000443,generate_MD_stage,4,2073791,10,200
unit.000498,generate_MD_stage,4,2073781,10,200
unit.000297,generate_MD_stage,4,2073793,10,200
unit.000127,generate_MD_stage,4,2073795,10,200
unit.000726,generate_MD_stage,4,2073798,10,200
unit.000438,generate_MD_stage,4,2073790,10,200
unit.000041,generate_MD_stage,4,8926410,100,2000
unit.000681,generate_MD_stage,4,2073793,10,200
unit.000136,generate_MD_stage,4,2073795,10,200
unit.000543,generate_MD_stage,4,2073785,10,200
unit.000040,generate_MD_stage,4,8926413,100,2000
unit.000594,generate_MD_stage,4,2073777,10,200
unit.000670,generate_MD_stage,4,2073791,10,200
unit.000623,generate_MD_stage,4,2073795,10,200
unit.000394,generate_MD_stage,5,2095102,10,200
unit.000220,generate_MD_stage,4,2073779,10,200
unit.000519,generate_MD_stage,4,2073804,10,200
unit.000010,generate_MD_stage,4,8926373,100,2000
unit.000702,generate_MD_stage,4,2073794,10,200
unit.000514,generate_MD_stage,4,2073801,10,200
unit.000365,generate_MD_stage,4,2073783,10,200
unit.000268,generate_MD_stage,4,2073777,10,200
unit.000120,generate_aggregating_stage,0,0,0,200
unit.000400,generate_MD_stage,4,2073791,10,200
unit.000502,generate_MD_stage,4,2073791,10,200
unit.000183,generate_MD_stage,5,2095109,10,200
unit.000090,generate_MD_stage,4,8926375,100,2000
unit.000047,generate_MD_stage,4,8926378,100,2000
unit.000510,generate_MD_stage,4,2073782,10,200
unit.000205,generate_MD_stage,4,2073796,10,200
unit.000385,generate_MD_stage,4,2073778,10,200
unit.000154,generate_MD_stage,4,2073802,10,200
unit.000173,generate_MD_stage,5,2608102,10,200
unit.000698,generate_MD_stage,4,2073790,10,200
unit.000588,generate_MD_stage,4,2073794,10,200
unit.000319,generate_MD_stage,4,2073796,10,200
unit.000444,generate_MD_stage,4,2073782,10,200
unit.000384,generate_MD_stage,4,2073786,10,200
unit.000667,generate_MD_stage,4,2073801,10,200
unit.000142,generate_MD_stage,4,2073793,10,200
unit.000467,generate_MD_stage,4,2073797,10,200
unit.000687,generate_MD_stage,4,2073795,10,200
unit.000303,generate_MD_stage,5,2608135,10,200
unit.000616,generate_MD_stage,4,2073798,10,200
unit.000718,generate_MD_stage,4,2073800,10,200
unit.000258,generate_MD_stage,4,2073785,10,200
unit.000396,generate_MD_stage,4,2073789,10,200
unit.000709,generate_MD_stage,4,2073789,10,200
unit.000241,generate_MD_stage,5,2095099,10,200
unit.000604,generate_MD_stage,4,2073788,10,200
unit.000416,generate_MD_stage,4,2073793,10,200
unit.000192,generate_MD_stage,5,2095082,10,200
unit.000149,generate_MD_stage,4,2073779,10,200
unit.000035,generate_MD_stage,4,8926383,100,2000
unit.000206,generate_MD_stage,4,2073791,10,200
unit.000403,generate_MD_stage,4,2073787,10,200
unit.000095,generate_MD_stage,4,8926427,100,2000
unit.000197,generate_MD_stage,4,2073783,10,200
unit.000271,generate_MD_stage,4,2073793,10,200
unit.000572,generate_MD_stage,4,2073791,10,200
unit.000358,generate_MD_stage,5,2095095,10,200
unit.000011,generate_MD_stage,4,8926359,100,2000
unit.000710,generate_MD_stage,4,2073777,10,200
unit.000554,generate_MD_stage,4,2073783,10,200
unit.000515,generate_MD_stage,4,2073791,10,200
unit.000451,generate_MD_stage,4,2073799,10,200
